DIMITRI_DATE;REGION;SENSOR;PROCESSING_VERSION;YEAR;MONTH;DAY;DOY;DECIMAL_YEAR;FILENAME;ROI_COVER;NUM_ROI_PX;AUTO_CS;MANUAL_CS;AUX_DATA_1;AUX_DATA_2;AUX_DATA_3;AUX_DATA_4;AUX_DATA_5;AUX_DATA_6;AUX_DATA_7;AUX_DATA_8;AUX_DATA_9;AUX_DATA_10
20-OCT-2014;SPG;MERIS;3rd_Reprocessing;2011;  10;   1; 274;   2011.752875602437;MER_RR__1PRBCM20111001_191125_000000543107_00128_50142_0001.N1;  1;         2156.0; 0.894; -1;MER_RR__0PPLRA20111001_184118_000026263107_00128_50142_9327.N1;MER_INS_AXVACR20080826_192134_20020321_193100_20120321_193100;MER_CP1_AXVACR20091015_130410_20020321_193100_20120321_193100;MER_RAC_AXVACR20091008_180000_20061009_220000_20200101_000000;AUX_DEM_AXVIEC20091201_000000_20020321_000000_20200101_000000;MER_DRM_AXVIEC20020122_083343_20020101_000000_20200101_000000;AUX_LSM_AXVIEC20080218_104630_20020101_000000_20200101_000000;AUX_ECA_AXNECM20000101_000000_20111001_150000_20111002_030000;DOR_POR_AXVF-P20111003_020400_20110930_215526_20111002_002326;AUX_ATT_AXVIEC20020924_131534_20020703_120000_20781231_235959
20-OCT-2014;SPG;MERIS;3rd_Reprocessing;2011;  10;   2; 275;   2011.755546359604;MER_RR__1PRBCM20111002_183510_000000563107_00142_50156_0001.N1;  1;         2136.0; 0.999; -1;MER_RR__0PPLRA20111002_180440_000026273107_00142_50156_9752.N1;MER_INS_AXVACR20080826_192134_20020321_193100_20120321_193100;MER_CP1_AXVACR20091015_130410_20020321_193100_20120321_193100;MER_RAC_AXVACR20091008_180000_20061009_220000_20200101_000000;AUX_DEM_AXVIEC20091201_000000_20020321_000000_20200101_000000;MER_DRM_AXVIEC20020122_083343_20020101_000000_20200101_000000;AUX_LSM_AXVIEC20080218_104630_20020101_000000_20200101_000000;AUX_ECA_AXNECM20000101_000000_20111002_150000_20111003_030000;DOR_POR_AXVF-P20111004_021500_20111001_215526_20111003_002326;AUX_ATT_AXVIEC20020924_131534_20020703_120000_20781231_235959
20-OCT-2014;SPG;MERIS;3rd_Reprocessing;2011;  10;   4; 277;   2011.761076008316;MER_RR__1PRBCM20111004_190133_000000543107_00171_50185_0001.N1;  1;         2147.0; 1.000; -1;MER_RR__0PPLRA20111004_183140_000026273107_00171_50185_0612.N1;MER_INS_AXVACR20080826_192134_20020321_193100_20120321_193100;MER_CP1_AXVACR20091015_130410_20020321_193100_20120321_193100;MER_RAC_AXVACR20091008_180000_20061009_220000_20200101_000000;AUX_DEM_AXVIEC20091201_000000_20020321_000000_20200101_000000;MER_DRM_AXVIEC20020122_083343_20020101_000000_20200101_000000;AUX_LSM_AXVIEC20080218_104630_20020101_000000_20200101_000000;AUX_ECA_AXNECM20000101_000000_20111004_150000_20111005_030000;DOR_POR_AXVF-P20111006_020600_20111003_215526_20111005_002326;AUX_ATT_AXVIEC20020924_131534_20020703_120000_20781231_235959
20-OCT-2014;SPG;MERIS;3rd_Reprocessing;2011;  10;   7; 280;   2011.769276414194;MER_RR__1PRBCM20111007_185141_000000543107_00214_50228_0001.N1;  1;         2145.0; 1.000; -1;MER_RR__0PPLRA20111007_182202_000026273107_00214_50228_1762.N1;MER_INS_AXVACR20080826_192134_20020321_193100_20120321_193100;MER_CP1_AXVACR20091015_130410_20020321_193100_20120321_193100;MER_RAC_AXVACR20091008_180000_20061009_220000_20200101_000000;AUX_DEM_AXVIEC20091201_000000_20020321_000000_20200101_000000;MER_DRM_AXVIEC20020122_083343_20020101_000000_20200101_000000;AUX_LSM_AXVIEC20080218_104630_20020101_000000_20200101_000000;AUX_ECA_AXNECM20000101_000000_20111007_150000_20111008_030000;DOR_POR_AXVF-P20111009_020000_20111006_215526_20111008_002326;AUX_ATT_AXVIEC20020924_131534_20020703_120000_20781231_235959
20-OCT-2014;SPG;MERIS;3rd_Reprocessing;2011;  10;   9; 282;   2011.774806157901;MER_RR__1PRBCM20111009_191807_000000543107_00243_50257_0001.N1;  0;          242.0; 1.000; -1;MER_RR__0PPLRA20111009_184901_000026273107_00243_50257_2542.N1;MER_INS_AXVACR20080826_192134_20020321_193100_20120321_193100;MER_CP1_AXVACR20091015_130410_20020321_193100_20120321_193100;MER_RAC_AXVACR20091008_180000_20061009_220000_20200101_000000;AUX_DEM_AXVIEC20091201_000000_20020321_000000_20200101_000000;MER_DRM_AXVIEC20020122_083343_20020101_000000_20200101_000000;AUX_LSM_AXVIEC20080218_104630_20020101_000000_20200101_000000;AUX_ECA_AXNECM20000101_000000_20111009_150000_20111010_030000;DOR_POR_AXVF-P20111011_020800_20111008_215526_20111010_002326;AUX_ATT_AXVIEC20020924_131534_20020703_120000_20781231_235959
20-OCT-2014;SPG;MERIS;3rd_Reprocessing;2011;  10;  10; 283;   2011.777476820073;MER_RR__1PRBCM20111010_184149_000000563107_00257_50271_0001.N1;  1;         2144.0; 0.835; -1;MER_RR__0PPLRA20111010_181223_000026283107_00257_50271_2914.N1;MER_INS_AXVACR20080826_192134_20020321_193100_20120321_193100;MER_CP1_AXVACR20091015_130410_20020321_193100_20120321_193100;MER_RAC_AXVACR20091008_180000_20061009_220000_20200101_000000;AUX_DEM_AXVIEC20091201_000000_20020321_000000_20200101_000000;MER_DRM_AXVIEC20020122_083343_20020101_000000_20200101_000000;AUX_LSM_AXVIEC20080218_104630_20020101_000000_20200101_000000;AUX_ECA_AXNECM20000101_000000_20111010_150000_20111011_030000;DOR_POR_AXVF-P20111012_015900_20111009_215526_20111011_002326;AUX_ATT_AXVIEC20020924_131534_20020703_120000_20781231_235959
20-OCT-2014;SPG;MERIS;3rd_Reprocessing;2011;  10;  12; 285;   2011.783006532115;MER_RR__1PRBCM20111012_190814_000000543107_00286_50300_0001.N1;  1;         2154.0; 0.013; -1;MER_RR__0PPLRA20111012_183922_000026283107_00286_50300_3726.N1;MER_INS_AXVACR20080826_192134_20020321_193100_20120321_193100;MER_CP1_AXVACR20091015_130410_20020321_193100_20120321_193100;MER_RAC_AXVACR20091008_180000_20061009_220000_20200101_000000;AUX_DEM_AXVIEC20091201_000000_20020321_000000_20200101_000000;MER_DRM_AXVIEC20020122_083343_20020101_000000_20200101_000000;AUX_LSM_AXVIEC20080218_104630_20020101_000000_20200101_000000;AUX_ECA_AXNECM20000101_000000_20111012_150000_20111013_030000;DOR_POR_AXVF-P20111014_015400_20111011_215526_20111013_002326;AUX_ATT_AXVIEC20020924_131534_20020703_120000_20781231_235959
17-OCT-2014;SPG;MERIS;3rd_Reprocessing;2011;  10;  13; 286;   2011.785677257616;MER_RR__1PRBCM20111013_183158_000000563107_00300_50314_0001.N1;  1;         2144.0; 0.495; -1;MER_RR__0PPLRA20111013_180244_000026283107_00300_50314_4111.N1;MER_INS_AXVACR20080826_192134_20020321_193100_20120321_193100;MER_CP1_AXVACR20091015_130410_20020321_193100_20120321_193100;MER_RAC_AXVACR20091008_180000_20061009_220000_20200101_000000;AUX_DEM_AXVIEC20091201_000000_20020321_000000_20200101_000000;MER_DRM_AXVIEC20020122_083343_20020101_000000_20200101_000000;AUX_LSM_AXVIEC20080218_104630_20020101_000000_20200101_000000;AUX_ECA_AXNECM20000101_000000_20111013_150000_20111014_030000;DOR_POR_AXVF-P20111015_015300_20111012_215526_20111014_002326;AUX_ATT_AXVIEC20020924_131534_20020703_120000_20781231_235959
17-OCT-2014;SPG;MERIS;3rd_Reprocessing;2011;  10;  15; 288;   2011.791206906328;MER_RR__1PRBCM20111015_185821_000000543107_00329_50343_0001.N1;  1;         2143.0; 0.191; -1;MER_RR__0PPLRA20111015_182943_000026283107_00329_50343_4829.N1;MER_INS_AXVACR20080826_192134_20020321_193100_20120321_193100;MER_CP1_AXVACR20091015_130410_20020321_193100_20120321_193100;MER_RAC_AXVACR20091008_180000_20061009_220000_20200101_000000;AUX_DEM_AXVIEC20091201_000000_20020321_000000_20200101_000000;MER_DRM_AXVIEC20020122_083343_20020101_000000_20200101_000000;AUX_LSM_AXVIEC20080218_104630_20020101_000000_20200101_000000;AUX_ECA_AXNECM20000101_000000_20111015_150000_20111016_030000;DOR_POR_AXVF-P20111017_015000_20111014_215526_20111016_002326;AUX_ATT_AXVIEC20020924_131534_20020703_120000_20781231_235959
17-OCT-2014;SPG;MERIS;3rd_Reprocessing;2011;  10;  18; 291;   2011.799407248644;MER_RR__1PRBCM20111018_184827_000000563107_00372_50386_0001.N1;  1;         2141.0; 0.649; -1;MER_RR__0PPLRA20111018_182004_000026283107_00372_50386_5975.N1;MER_INS_AXVACR20080826_192134_20020321_193100_20120321_193100;MER_CP1_AXVACR20091015_130410_20020321_193100_20120321_193100;MER_RAC_AXVACR20091008_180000_20061009_220000_20200101_000000;AUX_DEM_AXVIEC20091201_000000_20020321_000000_20200101_000000;MER_DRM_AXVIEC20020122_083343_20020101_000000_20200101_000000;AUX_LSM_AXVIEC20080218_104630_20020101_000000_20200101_000000;AUX_ECA_AXNECM20000101_000000_20111018_150000_20111019_030000;DOR_VOR_AXVF-P20111115_094800_20111017_215526_20111019_002326;AUX_ATT_AXVIEC20020924_131534_20020703_120000_20781231_235959
17-OCT-2014;SPG;MERIS;3rd_Reprocessing;2011;  10;  20; 293;   2011.804936960919;MER_RR__1PRBCM20111020_191452_000000563107_00401_50415_0001.N1;  1;         2159.0; 0.143; -1;MER_RR__0PPLRA20111020_184702_000026293107_00401_50415_6756.N1;MER_INS_AXVACR20080826_192134_20020321_193100_20120321_193100;MER_CP1_AXVACR20091015_130410_20020321_193100_20120321_193100;MER_RAC_AXVACR20091008_180000_20061009_220000_20200101_000000;AUX_DEM_AXVIEC20091201_000000_20020321_000000_20200101_000000;MER_DRM_AXVIEC20020122_083343_20020101_000000_20200101_000000;AUX_LSM_AXVIEC20080218_104630_20020101_000000_20200101_000000;AUX_ECA_AXNECM20000101_000000_20111020_150000_20111021_030000;DOR_VOR_AXVF-P20111115_094900_20111019_215526_20111021_002326;AUX_ATT_AXVIEC20020924_131534_20020703_120000_20781231_235959
17-OCT-2014;SPG;MERIS;3rd_Reprocessing;2011;  10;  21; 294;   2011.807607781649;MER_RR__1PRBCM20111021_183839_000000543107_00415_50429_0001.N1;  1;         2137.0; 0.002; -1;MER_RR__0PPLRA20111021_181024_000026293107_00415_50429_7113.N1;MER_INS_AXVACR20080826_192134_20020321_193100_20120321_193100;MER_CP1_AXVACR20091015_130410_20020321_193100_20120321_193100;MER_RAC_AXVACR20091008_180000_20061009_220000_20200101_000000;AUX_DEM_AXVIEC20091201_000000_20020321_000000_20200101_000000;MER_DRM_AXVIEC20020122_083343_20020101_000000_20200101_000000;AUX_LSM_AXVIEC20080218_104630_20020101_000000_20200101_000000;AUX_ECA_AXNECM20000101_000000_20111021_150000_20111022_030000;DOR_VOR_AXVF-P20111121_143400_20111020_215526_20111022_002326;AUX_ATT_AXVIEC20020924_131534_20020703_120000_20781231_235959
17-OCT-2014;SPG;MERIS;3rd_Reprocessing;2011;  10;  23; 296;   2011.813137366797;MER_RR__1PRBCM20111023_190500_000000563108_00013_50458_0001.N1;  1;         2151.0; 0.960; -1;MER_RR__0PPLRA20111023_183722_000026293108_00013_50458_2783.N1;MER_INS_AXVACR20080826_192134_20020321_193100_20200101_000000;MER_CP1_AXVACR20091015_130410_20020321_193100_20200101_000000;MER_RAC_AXVACR20091008_180000_20061009_220000_20200101_000000;AUX_DEM_AXVIEC20031201_000000_20031201_000000_20200101_000000;MER_DRM_AXVIEC20020122_083343_20020101_000000_20200101_000000;AUX_LSM_AXVIEC20080218_104630_20020101_000000_20200101_000000;AUX_ECA_AXNECM20111025_060346_20111023_150000_20111024_030000;AUX_FRO_AXVPDS20111026_102116_20111022_221000_20111025_005000;AUX_ATT_AXVIEC20020924_131534_20020703_120000_20781231_235959
17-OCT-2014;SPG;MERIS;3rd_Reprocessing;2011;  10;  24; 297;   2011.815808187294;MER_RR__1PRBCM20111024_182847_000000543108_00027_50472_0001.N1;  0;           -1.0;-1.000; -1;MER_RR__0PPLRA20111024_180043_000026293108_00027_50472_2654.N1;MER_INS_AXVACR20080826_192134_20020321_193100_20200101_000000;MER_CP1_AXVACR20091015_130410_20020321_193100_20200101_000000;MER_RAC_AXVACR20091008_180000_20061009_220000_20200101_000000;AUX_DEM_AXVIEC20031201_000000_20031201_000000_20200101_000000;MER_DRM_AXVIEC20020122_083343_20020101_000000_20200101_000000;AUX_LSM_AXVIEC20080218_104630_20020101_000000_20200101_000000;AUX_ECA_AXNECM20111026_062116_20111024_150000_20111025_030000;AUX_FRO_AXVPDS20111027_221741_20111024_114300_20111026_142300;AUX_ATT_AXVIEC20020924_131534_20020703_120000_20781231_235959
17-OCT-2014;SPG;MERIS;3rd_Reprocessing;2011;  10;  26; 299;   2011.821337772676;MER_RR__1PRBCM20111026_185508_000000543108_00056_50501_0001.N1;  1;         2146.0; 0.761; -1;MER_RR__0PPLRA20111026_182741_000026293108_00056_50501_2862.N1;MER_INS_AXVACR20080826_192134_20020321_193100_20200101_000000;MER_CP1_AXVACR20091015_130410_20020321_193100_20200101_000000;MER_RAC_AXVACR20091008_180000_20061009_220000_20200101_000000;AUX_DEM_AXVIEC20031201_000000_20031201_000000_20200101_000000;MER_DRM_AXVIEC20020122_083343_20020101_000000_20200101_000000;AUX_LSM_AXVIEC20080218_104630_20020101_000000_20200101_000000;AUX_ECA_AXNECM20111028_055937_20111026_150000_20111027_030000;AUX_FRO_AXVPDS20111029_102906_20111025_221000_20111028_005000;AUX_ATT_AXVIEC20020924_131534_20020703_120000_20781231_235959
17-OCT-2014;SPG;MERIS;3rd_Reprocessing;2011;  10;  29; 302;   2011.829538146890;MER_RR__1PRBCM20111029_184515_000000563108_00099_50544_0001.N1;  1;         2142.0; 0.852; -1;MER_RR__0PPLRA20111029_181759_000026293108_00099_50544_1044.N1;MER_INS_AXVACR20080826_192134_20020321_193100_20200101_000000;MER_CP1_AXVACR20091015_130410_20020321_193100_20200101_000000;MER_RAC_AXVACR20091008_180000_20061009_220000_20200101_000000;AUX_DEM_AXVIEC20031201_000000_20031201_000000_20200101_000000;MER_DRM_AXVIEC20020122_083343_20020101_000000_20200101_000000;AUX_LSM_AXVIEC20080218_104630_20020101_000000_20200101_000000;AUX_ECA_AXNECM20111031_062112_20111029_150000_20111030_030000;AUX_FRO_AXVPDS20111031_233258_20111028_221000_20111031_005000;AUX_ATT_AXVIEC20020924_131534_20020703_120000_20781231_235959
17-OCT-2014;SPG;MERIS;3rd_Reprocessing;2011;  10;  31; 304;   2011.835067827267;MER_RR__1PRBCM20111031_191139_000000563108_00128_50573_0001.N1;  1;         2157.0; 0.604; -1;MER_RR__0PPLRA20111031_184457_000026293108_00128_50573_1748.N1;MER_INS_AXVACR20080826_192134_20020321_193100_20200101_000000;MER_CP1_AXVACR20091015_130410_20020321_193100_20200101_000000;MER_RAC_AXVACR20091008_180000_20061009_220000_20200101_000000;AUX_DEM_AXVIEC20031201_000000_20031201_000000_20200101_000000;MER_DRM_AXVIEC20020122_083343_20020101_000000_20200101_000000;AUX_LSM_AXVIEC20080218_104630_20020101_000000_20200101_000000;AUX_ECA_AXNECM20111102_063330_20111031_150000_20111101_030000;AUX_FRO_AXVPDS20111102_232433_20111030_221000_20111102_005000;AUX_ATT_AXVIEC20020924_131534_20020703_120000_20781231_235959
17-OCT-2014;SPG;MERIS;3rd_Reprocessing;2011;  11;   1; 305;   2011.837738647763;MER_RR__1PRBCM20111101_183526_000000563108_00142_50587_0001.N1;  1;         2141.0; 1.000; -1;MER_RR__0PPLRA20111101_180818_000026293108_00142_50587_2094.N1;MER_INS_AXVACR20080826_192134_20020321_193100_20200101_000000;MER_CP1_AXVACR20091015_130410_20020321_193100_20200101_000000;MER_RAC_AXVACR20091008_180000_20061009_220000_20200101_000000;AUX_DEM_AXVIEC20031201_000000_20031201_000000_20200101_000000;MER_DRM_AXVIEC20020122_083343_20020101_000000_20200101_000000;AUX_LSM_AXVIEC20080218_104630_20020101_000000_20200101_000000;AUX_ECA_AXNECM20111103_062115_20111101_150000_20111102_030000;AUX_FRO_AXVPDS20111103_231543_20111031_221000_20111103_005000;AUX_ATT_AXVIEC20020924_131534_20020703_120000_20781231_235959
17-OCT-2014;SPG;MERIS;3rd_Reprocessing;2011;  11;   6; 310;   2011.851468702354;MER_RR__1PRBCM20111106_185157_000000543108_00214_50659_0001.N1;  1;         2142.0; 0.788; -1;MER_RR__0PPLRA20111106_182531_000026303108_00214_50659_4216.N1;MER_INS_AXVACR20080826_192134_20020321_193100_20200101_000000;MER_CP1_AXVACR20091015_130410_20020321_193100_20200101_000000;MER_RAC_AXVACR20091008_180000_20061009_220000_20200101_000000;AUX_DEM_AXVIEC20031201_000000_20031201_000000_20200101_000000;MER_DRM_AXVIEC20020122_083343_20020101_000000_20200101_000000;AUX_LSM_AXVIEC20080218_104630_20020101_000000_20200101_000000;AUX_ECA_AXNECM20111108_062114_20111106_150000_20111107_030000;AUX_FRO_AXVPDS20111109_112308_20111105_221000_20111108_005000;AUX_ATT_AXVIEC20020924_131534_20020703_120000_20781231_235959
17-OCT-2014;SPG;MERIS;3rd_Reprocessing;2011;  11;   6; 310;   2011.851468702354;MER_RR__1PRBCM20111106_185157_000000543108_00214_50659_0002.N1;  1;         2142.0; 0.788; -1;MER_RR__0PPLRA20111106_182531_000026303108_00214_50659_4217.N1;MER_INS_AXVACR20080826_192134_20020321_193100_20200101_000000;MER_CP1_AXVACR20091015_130410_20020321_193100_20200101_000000;MER_RAC_AXVACR20091008_180000_20061009_220000_20200101_000000;AUX_DEM_AXVIEC20031201_000000_20031201_000000_20200101_000000;MER_DRM_AXVIEC20020122_083343_20020101_000000_20200101_000000;AUX_LSM_AXVIEC20080218_104630_20020101_000000_20200101_000000;AUX_ECA_AXNECM20111108_062114_20111106_150000_20111107_030000;AUX_FRO_AXVPDS20111109_112308_20111105_221000_20111108_005000;AUX_ATT_AXVIEC20020924_131534_20020703_120000_20781231_235959
17-OCT-2014;SPG;MERIS;3rd_Reprocessing;2011;  11;   8; 312;   2011.856998382731;MER_RR__1PRBCM20111108_191821_000000543108_00243_50688_0001.N1;  0;          262.0; 0.000; -1;MER_RR__0PPLRA20111108_185227_000026293108_00243_50688_4917.N1;MER_INS_AXVACR20080826_192134_20020321_193100_20200101_000000;MER_CP1_AXVACR20091015_130410_20020321_193100_20200101_000000;MER_RAC_AXVACR20091008_180000_20061009_220000_20200101_000000;AUX_DEM_AXVIEC20031201_000000_20031201_000000_20200101_000000;MER_DRM_AXVIEC20020122_083343_20020101_000000_20200101_000000;AUX_LSM_AXVIEC20080218_104630_20020101_000000_20200101_000000;AUX_ECA_AXNECM20111108_181532_20111108_090000_20111108_210000;AUX_FRO_AXVPDS20111111_112405_20111107_221000_20111110_005000;AUX_ATT_AXVIEC20020924_131534_20020703_120000_20781231_235959
17-OCT-2014;SPG;MERIS;3rd_Reprocessing;2011;  11;   9; 313;   2011.859669076568;MER_RR__1PRBCM20111109_184204_000000543108_00257_50702_0001.N1;  1;         2141.0; 0.695; -1;MER_RR__0PPLRA20111109_181547_000026303108_00257_50702_5293.N1;MER_INS_AXVACR20080826_192134_20020321_193100_20200101_000000;MER_CP1_AXVACR20091015_130410_20020321_193100_20200101_000000;MER_RAC_AXVACR20091008_180000_20061009_220000_20200101_000000;AUX_DEM_AXVIEC20031201_000000_20031201_000000_20200101_000000;MER_DRM_AXVIEC20020122_083343_20020101_000000_20200101_000000;AUX_LSM_AXVIEC20080218_104630_20020101_000000_20200101_000000;AUX_ECA_AXNECM20111109_180308_20111109_090000_20111109_210000;AUX_FRO_AXVPDS20111111_232258_20111108_221000_20111111_005000;AUX_ATT_AXVIEC20020924_131534_20020703_120000_20781231_235959
17-OCT-2014;SPG;MERIS;3rd_Reprocessing;2011;  11;  11; 315;   2011.865198661717;MER_RR__1PRBCM20111111_190825_000000563108_00286_50731_0001.N1;  1;         2156.0; 0.998; -1;MER_RR__0PPLRA20111111_184242_000026293108_00286_50731_5943.N1;MER_INS_AXVACR20080826_192134_20020321_193100_20200101_000000;MER_CP1_AXVACR20091015_130410_20020321_193100_20200101_000000;MER_RAC_AXVACR20091008_180000_20061009_220000_20200101_000000;AUX_DEM_AXVIEC20031201_000000_20031201_000000_20200101_000000;MER_DRM_AXVIEC20020122_083343_20020101_000000_20200101_000000;AUX_LSM_AXVIEC20080218_104630_20020101_000000_20200101_000000;AUX_ECA_AXNECM20111111_180405_20111111_090000_20111111_210000;AUX_FRO_AXVPDS20111113_232416_20111110_221000_20111113_005000;AUX_ATT_AXVIEC20020924_131534_20020703_120000_20781231_235959
17-OCT-2014;SPG;MERIS;3rd_Reprocessing;2011;  11;  12; 316;   2011.867869546009;MER_RR__1PRBCM20111112_183214_000000543108_00300_50745_0001.N1;  1;         2139.0; 0.628; -1;MER_RR__0PPLRA20111112_180603_000026293108_00300_50745_6281.N1;MER_INS_AXVACR20080826_192134_20020321_193100_20200101_000000;MER_CP1_AXVACR20091015_130410_20020321_193100_20200101_000000;MER_RAC_AXVACR20091008_180000_20061009_220000_20200101_000000;AUX_DEM_AXVIEC20031201_000000_20031201_000000_20200101_000000;MER_DRM_AXVIEC20020122_083343_20020101_000000_20200101_000000;AUX_LSM_AXVIEC20080218_104630_20020101_000000_20200101_000000;AUX_ECA_AXNECM20111112_182856_20111112_090000_20111112_210000;AUX_FRO_AXVPDS20111115_111852_20111111_221000_20111114_005000;AUX_ATT_AXVIEC20020924_131534_20020703_120000_20781231_235959
17-OCT-2014;SPG;MERIS;3rd_Reprocessing;2011;  11;  14; 318;   2011.873399131158;MER_RR__1PRBCM20111114_185835_000000543108_00329_50774_0001.N1;  1;         2147.0; 0.616; -1;MER_RR__0PPLRA20111114_183257_000026293108_00329_50774_6914.N1;MER_INS_AXVACR20080826_192134_20020321_193100_20200101_000000;MER_CP1_AXVACR20091015_130410_20020321_193100_20200101_000000;MER_RAC_AXVACR20091008_180000_20061009_220000_20200101_000000;AUX_DEM_AXVIEC20031201_000000_20031201_000000_20200101_000000;MER_DRM_AXVIEC20020122_083343_20020101_000000_20200101_000000;AUX_LSM_AXVIEC20080218_104630_20020101_000000_20200101_000000;AUX_ECA_AXNECM20111116_054724_20111114_150000_20111115_030000;AUX_FRO_AXVPDS20111116_232259_20111113_221000_20111116_005000;AUX_ATT_AXVIEC20020924_131534_20020703_120000_20781231_235959
17-OCT-2014;SPG;MERIS;3rd_Reprocessing;2011;  11;  17; 321;   2011.881599505139;MER_RR__1PRBCM20111117_184842_000000543108_00372_50817_0001.N1;  1;         2139.0; 0.176; -1;MER_RR__0PPLRA20111117_182311_000026283108_00372_50817_7867.N1;MER_INS_AXVACR20080826_192134_20020321_193100_20200101_000000;MER_CP1_AXVACR20091015_130410_20020321_193100_20200101_000000;MER_RAC_AXVACR20091008_180000_20061009_220000_20200101_000000;AUX_DEM_AXVIEC20031201_000000_20031201_000000_20200101_000000;MER_DRM_AXVIEC20020122_083343_20020101_000000_20200101_000000;AUX_LSM_AXVIEC20080218_104630_20020101_000000_20200101_000000;AUX_ECA_AXNECM20111119_064018_20111117_150000_20111118_030000;AUX_FRO_AXVPDS20111119_232632_20111116_221000_20111119_005000;AUX_ATT_AXVIEC20020924_131534_20020703_120000_20781231_235959
17-OCT-2014;SPG;MERIS;3rd_Reprocessing;2011;  11;  20; 324;   2011.889799911251;MER_RR__1PRBCM20111120_183850_000000563108_00415_50860_0001.N1;  1;         2137.0; 0.782; -1;MER_RR__0PPLRA20111120_181324_000026283108_00415_50860_8850.N1;MER_INS_AXVACR20080826_192134_20020321_193100_20200101_000000;MER_CP1_AXVACR20091015_130410_20020321_193100_20200101_000000;MER_RAC_AXVACR20091008_180000_20061009_220000_20200101_000000;AUX_DEM_AXVIEC20031201_000000_20031201_000000_20200101_000000;MER_DRM_AXVIEC20020122_083343_20020101_000000_20200101_000000;AUX_LSM_AXVIEC20080218_104630_20020101_000000_20200101_000000;AUX_ECA_AXNECM20111122_062114_20111120_150000_20111121_030000;AUX_FRO_AXVPDS20111123_111641_20111119_221000_20111122_005000;AUX_ATT_AXVIEC20020924_131534_20020703_120000_20781231_235959
17-OCT-2014;SPG;MERIS;3rd_Reprocessing;2011;  11;  22; 326;   2011.895329528065;MER_RR__1PRBCM20111122_190512_000000563109_00013_50889_0001.N1;  1;         2154.0; 0.000; -1;MER_RR__0PPLRA20111122_184017_000026283109_00013_50889_9647.N1;MER_INS_AXVACR20080826_192134_20020321_193100_20200101_000000;MER_CP1_AXVACR20091015_130410_20020321_193100_20200101_000000;MER_RAC_AXVACR20091008_180000_20061009_220000_20200101_000000;AUX_DEM_AXVIEC20031201_000000_20031201_000000_20200101_000000;MER_DRM_AXVIEC20020122_083343_20020101_000000_20200101_000000;AUX_LSM_AXVIEC20080218_104630_20020101_000000_20200101_000000;AUX_ECA_AXNECM20111124_062114_20111122_150000_20111123_030000;AUX_FRO_AXVPDS20111124_233228_20111121_221000_20111124_005000;AUX_ATT_AXVIEC20020924_131534_20020703_120000_20781231_235959
17-OCT-2014;SPG;MERIS;3rd_Reprocessing;2011;  11;  23; 327;   2011.898000348561;MER_RR__1PRBCM20111123_182859_000000563109_00027_50903_0001.N1;  0;           -1.0;-1.000; -1;MER_RR__0PPLRA20111123_180336_000026283109_00027_50903_0058.N1;MER_INS_AXVACR20080826_192134_20020321_193100_20200101_000000;MER_CP1_AXVACR20091015_130410_20020321_193100_20200101_000000;MER_RAC_AXVACR20091008_180000_20061009_220000_20200101_000000;AUX_DEM_AXVIEC20031201_000000_20031201_000000_20200101_000000;MER_DRM_AXVIEC20020122_083343_20020101_000000_20200101_000000;AUX_LSM_AXVIEC20080218_104630_20020101_000000_20200101_000000;AUX_ECA_AXNECM20111125_062115_20111123_150000_20111124_030000;AUX_FRO_AXVPDS20111125_232646_20111122_221000_20111125_005000;AUX_ATT_AXVIEC20020924_131534_20020703_120000_20781231_235959
17-OCT-2014;SPG;MERIS;3rd_Reprocessing;2011;  11;  25; 329;   2011.903529965608;MER_RR__1PRBCM20111125_185521_000000543109_00056_50932_0001.N1;  1;         2144.0; 0.018; -1;MER_RR__0PPLRA20111125_183028_000026283109_00056_50932_0769.N1;MER_INS_AXVACR20080826_192134_20020321_193100_20200101_000000;MER_CP1_AXVACR20091015_130410_20020321_193100_20200101_000000;MER_RAC_AXVACR20091008_180000_20061009_220000_20200101_000000;AUX_DEM_AXVIEC20031201_000000_20031201_000000_20200101_000000;MER_DRM_AXVIEC20020122_083343_20020101_000000_20200101_000000;AUX_LSM_AXVIEC20080218_104630_20020101_000000_20200101_000000;AUX_ECA_AXNECM20111127_062113_20111125_150000_20111126_030000;AUX_FRO_AXVPDS20111127_232115_20111124_221000_20111127_005000;AUX_ATT_AXVIEC20020924_131534_20020703_120000_20781231_235959
17-OCT-2014;SPG;MERIS;3rd_Reprocessing;2011;  11;  28; 332;   2011.911730371720;MER_RR__1PRBCM20111128_184529_000000563109_00099_50975_0001.N1;  1;         2140.0; 0.000; -1;MER_RR__0PPLRA20111128_182039_000026273109_00099_50975_1758.N1;MER_INS_AXVACR20080826_192134_20020321_193100_20200101_000000;MER_CP1_AXVACR20091015_130410_20020321_193100_20200101_000000;MER_RAC_AXVACR20091008_180000_20061009_220000_20200101_000000;AUX_DEM_AXVIEC20031201_000000_20031201_000000_20200101_000000;MER_DRM_AXVIEC20020122_083343_20020101_000000_20200101_000000;AUX_LSM_AXVIEC20080218_104630_20020101_000000_20200101_000000;AUX_ECA_AXNECM20111130_062114_20111128_150000_20111129_030000;AUX_FRO_AXVPDS20111130_232333_20111127_221000_20111130_005000;AUX_ATT_AXVIEC20020924_131534_20020703_120000_20781231_235959
17-OCT-2014;SPG;MERIS;3rd_Reprocessing;2011;  12;   1; 335;   2011.919930809031;MER_RR__1PRBCM20111201_183538_000000543109_00142_51018_0001.N1;  1;         2138.0; 0.718; -1;MER_RR__0PPLRA20111201_181049_000026263109_00142_51018_2780.N1;MER_INS_AXVACR20080826_192134_20020321_193100_20200101_000000;MER_CP1_AXVACR20091015_130410_20020321_193100_20200101_000000;MER_RAC_AXVACR20091008_180000_20061009_220000_20200101_000000;AUX_DEM_AXVIEC20031201_000000_20031201_000000_20200101_000000;MER_DRM_AXVIEC20020122_083343_20020101_000000_20200101_000000;AUX_LSM_AXVIEC20080218_104630_20020101_000000_20200101_000000;AUX_ECA_AXNECM20111203_062112_20111201_150000_20111202_030000;AUX_FRO_AXVPDS20111203_231921_20111130_221000_20111203_005000;AUX_ATT_AXVIEC20020924_131534_20020703_120000_20781231_235959
17-OCT-2014;SPG;MERIS;3rd_Reprocessing;2011;  12;   3; 337;   2011.925460426078;MER_RR__1PRBCM20111203_190200_000000543109_00171_51047_0001.N1;  1;         2143.0; 0.033; -1;MER_RR__0PPLRA20111203_183739_000026253109_00171_51047_3488.N1;MER_INS_AXVACR20080826_192134_20020321_193100_20200101_000000;MER_CP1_AXVACR20091015_130410_20020321_193100_20200101_000000;MER_RAC_AXVACR20091008_180000_20061009_220000_20200101_000000;AUX_DEM_AXVIEC20031201_000000_20031201_000000_20200101_000000;MER_DRM_AXVIEC20020122_083343_20020101_000000_20200101_000000;AUX_LSM_AXVIEC20080218_104630_20020101_000000_20200101_000000;AUX_ECA_AXNECM20111205_061134_20111203_150000_20111204_030000;AUX_FRO_AXVPDS20111206_112114_20111202_221000_20111205_005000;AUX_ATT_AXVIEC20020924_131534_20020703_120000_20781231_235959
17-OCT-2014;SPG;MERIS;3rd_Reprocessing;2011;  12;   6; 340;   2011.933660800291;MER_RR__1PRBCM20111206_185207_000000543109_00214_51090_0001.N1;  1;         2145.0; 0.742; -1;MER_RR__0PPLRA20111206_182746_000026243109_00214_51090_4430.N1;MER_INS_AXVACR20080826_192134_20020321_193100_20200101_000000;MER_CP1_AXVACR20091015_130410_20020321_193100_20200101_000000;MER_RAC_AXVACR20091008_180000_20061009_220000_20200101_000000;AUX_DEM_AXVIEC20031201_000000_20031201_000000_20200101_000000;MER_DRM_AXVIEC20020122_083343_20020101_000000_20200101_000000;AUX_LSM_AXVIEC20080218_104630_20020101_000000_20200101_000000;AUX_ECA_AXNECM20111208_062114_20111206_150000_20111207_030000;AUX_FRO_AXVPDS20111209_111733_20111205_221000_20111208_005000;AUX_ATT_AXVIEC20020924_131534_20020703_120000_20781231_235959
17-OCT-2014;SPG;MERIS;3rd_Reprocessing;2011;  12;   9; 343;   2011.941861174505;MER_RR__1PRBCM20111209_184214_000000563109_00257_51133_0001.N1;  1;         2139.0; 0.779; -1;MER_RR__0PPLRA20111209_181752_000026243109_00257_51133_5399.N1;MER_INS_AXVACR20080826_192134_20020321_193100_20200101_000000;MER_CP1_AXVACR20091015_130410_20020321_193100_20200101_000000;MER_RAC_AXVACR20091008_180000_20061009_220000_20200101_000000;AUX_DEM_AXVIEC20031201_000000_20031201_000000_20200101_000000;MER_DRM_AXVIEC20020122_083343_20020101_000000_20200101_000000;AUX_LSM_AXVIEC20080218_104630_20020101_000000_20200101_000000;AUX_ECA_AXNECM20111211_062113_20111209_150000_20111210_030000;AUX_FRO_AXVPDS20111211_232115_20111208_221000_20111211_005000;AUX_ATT_AXVIEC20020924_131534_20020703_120000_20781231_235959
17-OCT-2014;SPG;MERIS;3rd_Reprocessing;2011;  12;  20; 354;   2011.971992009188;MER_RR__1PRBCM20111220_183900_000000563109_00415_51291_0001.N1;  1;         2137.0; 0.068; -1;MER_RR__0PPLRA20111220_181450_000026193109_00415_51291_9356.N1;MER_INS_AXVACR20080826_192134_20020321_193100_20200101_000000;MER_CP1_AXVACR20091015_130410_20020321_193100_20200101_000000;MER_RAC_AXVACR20091008_180000_20061009_220000_20200101_000000;AUX_DEM_AXVIEC20031201_000000_20031201_000000_20200101_000000;MER_DRM_AXVIEC20020122_083343_20020101_000000_20200101_000000;AUX_LSM_AXVIEC20080218_104630_20020101_000000_20200101_000000;AUX_ECA_AXNECM20111222_062112_20111220_150000_20111221_030000;AUX_FRO_AXVPDS20111222_231609_20111219_221000_20111222_005000;AUX_ATT_AXVIEC20020924_131534_20020703_120000_20781231_235959
17-OCT-2014;SPG;MERIS;3rd_Reprocessing;2011;  12;  22; 356;   2011.977521626002;MER_RR__1PRBCM20111222_190522_000000563110_00013_51320_0001.N1;  1;         2153.0; 0.517; -1;MER_RR__0PPLRA20111222_184135_000026183110_00013_51320_0142.N1;MER_INS_AXVACR20080826_192134_20020321_193100_20200101_000000;MER_CP1_AXVACR20091015_130410_20020321_193100_20200101_000000;MER_RAC_AXVACR20091008_180000_20061009_220000_20200101_000000;AUX_DEM_AXVIEC20031201_000000_20031201_000000_20200101_000000;MER_DRM_AXVIEC20020122_083343_20020101_000000_20200101_000000;AUX_LSM_AXVIEC20080218_104630_20020101_000000_20200101_000000;AUX_ECA_AXNECM20111224_062114_20111222_150000_20111223_030000;AUX_FRO_AXVPDS20111224_232054_20111221_221000_20111224_005000;AUX_ATT_AXVIEC20020924_131534_20020703_120000_20781231_235959
17-OCT-2014;SPG;MERIS;3rd_Reprocessing;2011;  12;  28; 362;   2011.993922406094;MER_RR__1PRBCM20111228_184537_000000563110_00099_51406_0001.N1;  1;         2139.0; 0.001; -1;MER_RR__0PPLRA20111228_182133_000026163110_00099_51406_2122.N1;MER_INS_AXVACR20080826_192134_20020321_193100_20200101_000000;MER_CP1_AXVACR20091015_130410_20020321_193100_20200101_000000;MER_RAC_AXVACR20091008_180000_20061009_220000_20200101_000000;AUX_DEM_AXVIEC20031201_000000_20031201_000000_20200101_000000;MER_DRM_AXVIEC20020122_083343_20020101_000000_20200101_000000;AUX_LSM_AXVIEC20080218_104630_20020101_000000_20200101_000000;AUX_ECA_AXNECM20111230_062117_20111228_150000_20111229_030000;AUX_FRO_AXVPDS20111230_231829_20111227_221000_20111230_005000;AUX_ATT_AXVIEC20020924_131534_20020703_120000_20781231_235959
17-OCT-2014;SPG;MERIS;3rd_Reprocessing;2011;  12;  30; 364;   2011.999452054806;MER_RR__1PRBCM20111230_191200_000000563110_00128_51435_0001.N1;  1;         2157.0; 0.012; -1;MER_RR__0PPLRA20111230_184816_000026153110_00128_51435_2741.N1;MER_INS_AXVACR20080826_192134_20020321_193100_20200101_000000;MER_CP1_AXVACR20091015_130410_20020321_193100_20200101_000000;MER_RAC_AXVACR20091008_180000_20061009_220000_20200101_000000;AUX_DEM_AXVIEC20031201_000000_20031201_000000_20200101_000000;MER_DRM_AXVIEC20020122_083343_20020101_000000_20200101_000000;AUX_LSM_AXVIEC20080218_104630_20020101_000000_20200101_000000;AUX_ECA_AXNECM20111230_182118_20111230_090000_20111230_210000;AUX_FRO_AXVPDS20120102_231513_20111229_221000_20120101_005000;AUX_ATT_AXVIEC20020924_131534_20020703_120000_20781231_235959
17-OCT-2014;SPG;MERIS;3rd_Reprocessing;2011;  12;  31; 365;   2012.002122843638;MER_RR__1PRBCM20111231_183546_000000563110_00142_51449_0001.N1;  1;         2137.0; 0.000; -1;MER_RR__0PPLRA20111231_181130_000026143110_00142_51449_3124.N1;MER_INS_AXVACR20080826_192134_20020321_193100_20200101_000000;MER_CP1_AXVACR20091015_130410_20020321_193100_20200101_000000;MER_RAC_AXVACR20091008_180000_20061009_220000_20200101_000000;AUX_DEM_AXVIEC20031201_000000_20031201_000000_20200101_000000;MER_DRM_AXVIEC20020122_083343_20020101_000000_20200101_000000;AUX_LSM_AXVIEC20080218_104630_20020101_000000_20200101_000000;AUX_ECA_AXNECM20120102_062115_20111231_150000_20120101_030000;AUX_FRO_AXVPDS20120103_111525_20111230_221000_20120102_005000;AUX_ATT_AXVIEC20020924_131534_20020703_120000_20781231_235959
16-OCT-2014;SPG;MERIS;3rd_Reprocessing;2012;   1;   2;   2;   2012.007631552323;MER_RR__1PRBCM20120102_190208_000000563110_00171_51478_0001.N1;  1;         2144.0; 0.902; -1;MER_RR__0PPLRA20120102_183811_000026143110_00171_51478_3810.N1;MER_INS_AXVACR20080826_192134_20020321_193100_20200101_000000;MER_CP1_AXVACR20091015_130410_20020321_193100_20200101_000000;MER_RAC_AXVACR20091008_180000_20061009_220000_20200101_000000;AUX_DEM_AXVIEC20031201_000000_20031201_000000_20200101_000000;MER_DRM_AXVIEC20020122_083343_20020101_000000_20200101_000000;AUX_LSM_AXVIEC20080218_104630_20020101_000000_20200101_000000;AUX_ECA_AXNECM20120104_062115_20120102_150000_20120103_030000;AUX_FRO_AXVPDS20120104_232115_20120101_221000_20120104_005000;AUX_ATT_AXVIEC20020924_131534_20020703_120000_20781231_235959
10-OCT-2014;SPG;MERIS;3rd_Reprocessing;2012;   1;   8;   8;   2012.023987521319;MER_RR__1PRBCM20120108_184223_000000563110_00257_51564_0001.N1;  1;         2140.0; 0.998; -1;MER_RR__0PPLRA20120108_181759_000026113110_00257_51564_5865.N1;MER_INS_AXVACR20080826_192134_20020321_193100_20200101_000000;MER_CP1_AXVACR20091015_130410_20020321_193100_20200101_000000;MER_RAC_AXVACR20091008_180000_20061009_220000_20200101_000000;AUX_DEM_AXVIEC20031201_000000_20031201_000000_20200101_000000;MER_DRM_AXVIEC20020122_083343_20020101_000000_20200101_000000;AUX_LSM_AXVIEC20080218_104630_20020101_000000_20200101_000000;AUX_ECA_AXNECM20120110_062113_20120108_150000_20120109_030000;AUX_FRO_AXVPDS20120110_232345_20120107_221000_20120110_005000;AUX_ATT_AXVIEC20020924_131534_20020703_120000_20781231_23595913-OCT-2014
16-OCT-2014;SPG;MERIS;3rd_Reprocessing;2012;   1;  11;  11;   2012.032165553315;MER_RR__1PRBCM20120111_183232_000000563110_00300_51607_0001.N1;  1;         2139.0; 0.931; -1;MER_RR__0PPLRA20120111_180750_000026103110_00300_51607_6823.N1;MER_INS_AXVACR20080826_192134_20020321_193100_20200101_000000;MER_CP1_AXVACR20091015_130410_20020321_193100_20200101_000000;MER_RAC_AXVACR20091008_180000_20061009_220000_20200101_000000;AUX_DEM_AXVIEC20031201_000000_20031201_000000_20200101_000000;MER_DRM_AXVIEC20020122_083343_20020101_000000_20200101_000000;AUX_LSM_AXVIEC20080218_104630_20020101_000000_20200101_000000;AUX_ECA_AXNECM20120113_062115_20120111_150000_20120112_030000;AUX_FRO_AXVPDS20120116_112020_20120110_221000_20120113_005000;AUX_ATT_AXVIEC20020924_131534_20020703_120000_20781231_235959
16-OCT-2014;SPG;MERIS;3rd_Reprocessing;2012;   1;  16;  16;   2012.045857999278;MER_RR__1PRBCM20120116_184900_000000563110_00372_51679_0001.N1;  1;         2142.0; 1.000; -1;MER_RR__0PPLRA20120116_182418_000026083110_00372_51679_8353.N1;MER_INS_AXVACR20080826_192134_20020321_193100_20200101_000000;MER_CP1_AXVACR20091015_130410_20020321_193100_20200101_000000;MER_RAC_AXVACR20091008_180000_20061009_220000_20200101_000000;AUX_DEM_AXVIEC20031201_000000_20031201_000000_20200101_000000;MER_DRM_AXVIEC20020122_083343_20020101_000000_20200101_000000;AUX_LSM_AXVIEC20080218_104630_20020101_000000_20200101_000000;AUX_ECA_AXNECM20120118_062115_20120116_150000_20120117_030000;AUX_FRO_AXVPDS20120118_232113_20120115_221000_20120118_005000;AUX_ATT_AXVIEC20020924_131534_20020703_120000_20781231_235959
16-OCT-2014;SPG;MERIS;3rd_Reprocessing;2012;   1;  21;  21;   2012.059550476906;MER_RR__1PRBCM20120121_190529_000000563111_00013_51751_0001.N1;  1;         2150.0; 0.059; -1;MER_RR__0PPLRA20120121_184042_000026063111_00013_51751_0241.N1;MER_INS_AXVACR20080826_192134_20020321_193100_20200101_000000;MER_CP1_AXVACR20091015_130410_20020321_193100_20200101_000000;MER_RAC_AXVACR20091008_180000_20061009_220000_20200101_000000;AUX_DEM_AXVIEC20031201_000000_20031201_000000_20200101_000000;MER_DRM_AXVIEC20020122_083343_20020101_000000_20200101_000000;AUX_LSM_AXVIEC20080218_104630_20020101_000000_20200101_000000;AUX_ECA_AXNECM20120123_062112_20120121_150000_20120122_030000;AUX_FRO_AXVPDS20120123_232114_20120120_221000_20120123_005000;AUX_ATT_AXVIEC20020924_131534_20020703_120000_20781231_235959
16-OCT-2014;SPG;MERIS;3rd_Reprocessing;2012;   1;  24;  24;   2012.067728413906;MER_RR__1PRBCM20120124_185535_000000563111_00056_51794_0001.N1;  1;         2146.0; 0.068; -1;MER_RR__0PPLRA20120124_183028_000026053111_00056_51794_1264.N1;MER_INS_AXVACR20080826_192134_20020321_193100_20200101_000000;MER_CP1_AXVACR20091015_130410_20020321_193100_20200101_000000;MER_RAC_AXVACR20091008_180000_20061009_220000_20200101_000000;AUX_DEM_AXVIEC20031201_000000_20031201_000000_20200101_000000;MER_DRM_AXVIEC20020122_083343_20020101_000000_20200101_000000;AUX_LSM_AXVIEC20080218_104630_20020101_000000_20200101_000000;AUX_ECA_AXNECM20120126_062114_20120124_150000_20120125_030000;AUX_FRO_AXVPDS20120127_232914_20120123_221000_20120126_005000;AUX_ATT_AXVIEC20020924_131534_20020703_120000_20781231_235959
16-OCT-2014;SPG;MERIS;3rd_Reprocessing;2012;   1;  29;  29;   2012.081420986529;MER_RR__1PRBCM20120129_191207_000000543111_00128_51866_0001.N1;  1;         2157.0; 0.569; -1;MER_RR__0PPLRA20120129_184646_000026033111_00128_51866_3787.N1;MER_INS_AXVACR20080826_192134_20020321_193100_20200101_000000;MER_CP1_AXVACR20091015_130410_20020321_193100_20200101_000000;MER_RAC_AXVACR20091008_180000_20061009_220000_20200101_000000;AUX_DEM_AXVIEC20031201_000000_20031201_000000_20200101_000000;MER_DRM_AXVIEC20020122_083343_20020101_000000_20200101_000000;AUX_LSM_AXVIEC20080218_104630_20020101_000000_20200101_000000;AUX_ECA_AXNECM20120131_062115_20120129_150000_20120130_030000;AUX_FRO_AXVPDS20120201_232157_20120128_221000_20120131_005000;AUX_ATT_AXVIEC20020924_131534_20020703_120000_20781231_235959
16-OCT-2014;SPG;MERIS;3rd_Reprocessing;2012;   1;  30;  30;   2012.084084383136;MER_RR__1PRBCM20120130_183550_000000563111_00142_51880_0001.N1;  1;         2136.0; 0.747; -1;MER_RR__0PPLRA20120130_180956_000026033111_00142_51880_3273.N1;MER_INS_AXVACR20080826_192134_20020321_193100_20200101_000000;MER_CP1_AXVACR20091015_130410_20020321_193100_20200101_000000;MER_RAC_AXVACR20091008_180000_20061009_220000_20200101_000000;AUX_DEM_AXVIEC20031201_000000_20031201_000000_20200101_000000;MER_DRM_AXVIEC20020122_083343_20020101_000000_20200101_000000;AUX_LSM_AXVIEC20080218_104630_20020101_000000_20200101_000000;AUX_ECA_AXNECM20120201_064157_20120130_150000_20120131_030000;AUX_FRO_AXVPDS20120201_232158_20120129_221000_20120201_005000;AUX_ATT_AXVIEC20020924_131534_20020703_120000_20781231_235959
16-OCT-2014;SPG;MERIS;3rd_Reprocessing;2012;   2;   1;  32;   2012.089598891865;MER_RR__1PRBCM20120201_190212_000000563111_00171_51909_0001.N1;  1;         2146.0; 0.061; -1;MER_RR__0PPLRA20120201_183629_000026023111_00171_51909_4549.N1;MER_INS_AXVACR20080826_192134_20020321_193100_20200101_000000;MER_CP1_AXVACR20091015_130410_20020321_193100_20200101_000000;MER_RAC_AXVACR20091008_180000_20061009_220000_20200101_000000;AUX_DEM_AXVIEC20031201_000000_20031201_000000_20200101_000000;MER_DRM_AXVIEC20020122_083343_20020101_000000_20200101_000000;AUX_LSM_AXVIEC20080218_104630_20020101_000000_20200101_000000;AUX_ECA_AXNECM20120203_062116_20120201_150000_20120202_030000;AUX_FRO_AXVPDS20120203_233117_20120131_221000_20120203_005000;AUX_ATT_AXVIEC20020924_131534_20020703_120000_20781231_235959
16-OCT-2014;SPG;MERIS;3rd_Reprocessing;2012;   2;   4;  35;   2012.097776892195;MER_RR__1PRBCM20120204_185220_000000563111_00214_51952_0001.N1;  1;         2143.0; 0.024; -1;MER_RR__0PPLRA20120204_182611_000026023111_00214_51952_5612.N1;MER_INS_AXVACR20080826_192134_20020321_193100_20200101_000000;MER_CP1_AXVACR20091015_130410_20020321_193100_20200101_000000;MER_RAC_AXVACR20091008_180000_20061009_220000_20200101_000000;AUX_DEM_AXVIEC20031201_000000_20031201_000000_20200101_000000;MER_DRM_AXVIEC20020122_083343_20020101_000000_20200101_000000;AUX_LSM_AXVIEC20080218_104630_20020101_000000_20200101_000000;AUX_ECA_AXNECM20120206_062113_20120204_150000_20120205_030000;AUX_FRO_AXVPDS20120206_232933_20120203_221000_20120206_005000;AUX_ATT_AXVIEC20020924_131534_20020703_120000_20781231_235959
16-OCT-2014;SPG;MERIS;3rd_Reprocessing;2012;   2;   7;  38;   2012.105954829196;MER_RR__1PRBCM20120207_184226_000000563111_00257_51995_0001.N1;  1;         2141.0; 0.888; -1;MER_RR__0PPLRA20120207_181552_000026013111_00257_51995_6634.N1;MER_INS_AXVACR20080826_192134_20020321_193100_20200101_000000;MER_CP1_AXVACR20091015_130410_20020321_193100_20200101_000000;MER_RAC_AXVACR20091008_180000_20061009_220000_20200101_000000;AUX_DEM_AXVIEC20031201_000000_20031201_000000_20200101_000000;MER_DRM_AXVIEC20020122_083343_20020101_000000_20200101_000000;AUX_LSM_AXVIEC20080218_104630_20020101_000000_20200101_000000;AUX_ECA_AXNECM20120209_062116_20120207_150000_20120208_030000;AUX_FRO_AXVPDS20120210_113103_20120206_221000_20120209_005000;AUX_ATT_AXVIEC20020924_131534_20020703_120000_20781231_235959
